"","Quarter","Year","AA Adj Close","AAPL Adj Close","MO Adj Close","F Adj Close","GVA Adj Close","JPM Adj Close","WMT Adj Close","MSFT Adj Close","S&P 500 Adj Close","AA % Change","AAPL % Change","MO % Change","F % Change","GVA % Change","JPM % Change","WMT % Change","MSFT % Change","S&P 500 % Change","CPI","Interest Rate","Unemployment Rate","Short Term NROU","Long Term NROU","GDP (billions)"
"1","Q3","1990",12.1135645873016,0.280171825396825,0.441666015873016,0.396993206349206,3.39675511111111,1.4863093968254,4.46235855555556,0.572971301587302,335.881745380952,4.54420772274395e-05,-0.00651947593351177,0.000210624274300994,-0.00251331915826362,-0.000778446052608412,-0.00592832458493734,-0.00170012385427085,-0.00249030467647866,-0.00241680127924795,1.72680412371135,0.082,0.057,0.0569390249252319,0.0569390249252319,6015.116
"2","Q4","1990",10.383716359375,0.255059390625,0.476459109375,0.36560515625,3.269800484375,0.90470603125,4.35252484375,0.60205846875,316.562033078125,-0.0010753369202302,0.00682080010661774,0.00261800167327013,0.00169118173534349,0.000790922452892198,-0.00400781816431534,0.0019879060696067,0.00304384077843806,0.00124786045893117,1.62148467190269,0.0731,0.0613333333333333,0.056748514175415,0.056748514175415,6004.733
"3","Q1","1991",11.9462917540984,0.418372655737705,0.604507245901639,0.509293180327869,3.67900780327869,1.16113785245902,5.22326581967213,0.845790327868852,352.282950967213,0.00246855675105048,0.00797451329258613,0.00495151591248257,0.00834255658428703,0.00231555807613644,0.00918233545623423,0.00435281017398855,0.00599557748185587,0.00215120795441878,0.822737471952145,0.0612,0.066,0.0565614557266235,0.0565614557266235,6035.178
"4","Q2","1991",12.877305390625,0.38509425,0.687586203125,0.659693890625,4.615461109375,1.66842321875,6.375798328125,0.941811328125,378.665936921875,0.00072046922229841,-0.00699720947118084,-0.000676654450018949,0.00366853264376505,0.00178595976590623,0.00413028617673725,0.00175617336681733,-0.000326315237899212,-0.000132173817918257,0.593471810089004,0.059,0.0683333333333333,0.0563783799999999,0.0563783799999999,6126.862
"5","Q3","1991",12.983859359375,0.360632875,0.73418709375,0.69605621875,4.027460453125,2.1308728125,7.352670234375,1.031361734375,385.559842578125,-0.000711546183009883,0.00310077104043305,0.00240474472320003,-0.000954797576180524,-0.00184684194958619,0.00342037665931037,0.00188194202723408,0.00451517744451494,0.000715829252692228,0.786627335299911,0.0545,0.0686666666666666,0.05619961,0.05619961,6205.937
"6","Q4","1991",11.6224246875,0.376832671875,0.756259640625,0.655104,3.767141,1.9755001875,7.60581715625,1.2840144375,387.116094046875,0.000456252586798832,0.00238296819671922,0.00211774137196276,0.00139382219417229,0.00296803667782634,-0.00170315221994349,0.00347100320037548,0.00361090434920601,0.00117615434524852,0.756097560975636,0.0443,0.071,0.0560253399999999,0.0560253399999999,6264.54
"7","Q1","1992",13.0925179047619,0.469419761904762,0.840071222222222,0.973115936507936,4.46236946031746,2.74823131746032,8.39531246031746,1.63203125396825,411.971903904762,0.00173505195241555,0.000778088127372504,-0.000521821091950937,0.0071142664658293,-0.000765150780679881,0.00765977356241042,-0.00141640527847214,0.00123402386719025,-0.000500437439661101,0.702009198741205,0.0398,0.0736666666666666,0.0558557653427124,0.0558557653427124,6363.102
"8","Q2","1992",14.6152875238095,0.413698888888889,0.848548777777778,1.34433612698413,3.72985746031746,3.29259514285714,8.21264407936508,1.5275376984127,410.061588888889,0.00139772596069289,-0.00273553057967417,-6.65424851812552e-05,0.00435650030420044,-0.00133385189921618,0.00260815336041309,0.000291556736543729,-0.00152616899401853,0.00019863758030195,0.817307692307689,0.0376,0.076,0.0556908399999999,0.0556908399999999,6470.763
"9","Q3","1992",13.568030984375,0.34022103125,0.925852875,1.3910241875,3.085429453125,3.179496453125,8.847975796875,1.468854859375,417.11906240625,-0.00185081062241507,-0.00066547012392847,0.00262880661767327,-0.000742872931222668,-0.0012822337400278,-0.00135419374100725,0.00158636866747522,0.00231111675797027,0.00038220923680384,0.786838340486422,0.0322,0.0763333333333333,0.0555305899999999,0.0555305899999999,6566.641
"10","Q4","1992",13.443504671875,0.39892234375,0.9235004375,1.436018078125,3.576982234375,3.423830078125,9.678209609375,1.768788984375,423.687655921875,0.00134792003542695,0.00462742644439248,-0.000997368947012164,0.00300316384433053,0.00281898620934332,0.00311645753246743,0.00134222132380559,0.00109565860686696,0.000670854676707646,0.709723207948884,0.0292,0.0736666666666666,0.05537511,0.05537511,6680.803
"11","Q1","1993",14.0573013870968,0.424121274193548,0.830199258064516,1.88164522580645,3.52241212903226,4.05485719354839,10.0111131774194,1.71569983870968,442.750320967742,-0.00149196901518119,-0.00214256259397149,-0.00237493729137889,0.00452021398007567,-0.00155206717239292,0.00126247171439992,6.51653181102271e-05,0.00151453825946954,0.00060041303360513,0.845665961945017,0.0307,0.0713333333333333,0.05522455,0.05522455,6729.459
"12","Q2","1993",13.137477015873,0.37228746031746,0.610639984126984,2.22657687301587,3.03178650793651,3.95244261904762,8.50710763492063,1.77980785714286,445.505872444444,0.00151974503892995,-0.00379963568078322,-0.00323964834482475,0.00129166578463303,-0.00106750958827141,0.000843328446937994,-0.00272711778710177,-0.000623926966214062,-2.10854146463352e-05,0.768693221523423,0.0304,0.0706666666666666,0.0550790452957153,0.0550790452957153,6808.939
"13","Q3","1993",14.343292453125,0.2115298125,0.61525415625,2.349090296875,3.1832305,4.301195171875,7.94707434375,1.549964484375,453.5587483125,-0.000474133979458012,-0.00731800953875425,-2.76856889180144e-05,0.0020998478324933,0.00235162368386924,0.00193402906546287,-0.000861011836441738,-0.000800454129261798,0.000299261196824521,0.392972723069827,0.0309,0.068,0.054938645362854,0.054938645362854,6882.098
"14","Q4","1993",13.900143578125,0.221465328125,0.722762359375,2.909074140625,3.616224671875,4.304759875,8.61167715625,1.618334890625,464.271874453125,0.000678808497592493,0.00419973081613664,0.00370282408521774,0.00349907548597921,0.00411804432363451,-0.00122240377619572,0.000409119669929312,-0.000229206577342929,0.000263021237947986,0.690766751093699,0.0296,0.0663333333333333,0.0548034143447876,0.0548034143447876,7013.738
"15","Q1","1994",15.2868798412698,0.260716333333333,0.790280920634921,3.25670952380952,4.14780450793651,4.16281806349206,8.47320968253968,1.65561868253968,469.213492285714,0.000696364965521305,0.00252933094876941,-0.000795355929439513,-0.000518190552509152,-0.0023275247059695,-0.000940710542752432,0.000710288989058734,0.000894563791315396,-0.000701105605706808,0.640292705236676,0.0334,0.0656666666666666,0.0546733856201171,0.0546733856201171,7115.652
"16","Q2","1994",14.3540882580645,0.223100112903226,0.738867661290323,3.12825729032258,3.83103893548387,4.23078516129032,7.75947814516129,1.94234724193548,451.168549048387,0.000565601093749079,-0.00321835060638385,0.0011959515010075,0.0013783522459076,-0.000559135150468848,0.0015329087356275,-0.000760933481331198,0.00338250119950133,-3.08336542923918e-05,0.636219041127031,0.0425,0.062,0.05454845,0.05454845,7246.931
"17","Q3","1994",16.515912546875,0.249655125,0.85383528125,3.3307353125,3.6021979375,4.410264640625,7.80958121875,2.14749528125,461.120780875,0.0024440454577384,0.00409083945698837,0.00338064102913571,-0.000281005207441701,0.00149118838474705,-0.000844694805436569,-0.000412740176878789,0.00148895234841153,0.000648629340272417,0.880559945811708,0.0473,0.06,0.05442838,0.05442838,7331.075
"18","Q4","1994",17.1197576349206,0.299342333333333,0.94199853968254,3.23138863492064,3.75152606349206,4.40615196825397,7.36121122222222,2.4340766984127,460.005237857143,0.000561571288472321,0.00275311506287082,-0.000188692028747176,0.00081711788420196,-0.000156940204052954,0.00110001715727788,-0.00133577526195268,0.00146721808346211,-9.70043816229043e-05,0.47000895255147,0.0545,0.0563333333333333,0.05431291,0.05431291,7455.288
"19","Q1","1995",16.8057432539683,0.307082777777778,1.00521085714286,3.15457733333333,3.51709080952381,4.85280117460317,7.50633580952381,2.56435066666667,480.465715666667,-0.000385798998449992,-0.00111538250411334,0.00277856014248453,-1.23447966463404e-05,-0.00128054626841553,0.00143368822441343,0.00312938394278096,0.0025239975284855,0.00138105046351937,0.82423702383605,0.0598,0.0546666666666666,0.05420172,0.05420172,7522.289
"20","Q2","1995",18.728309047619,0.318761793650794,1.20444019047619,3.50820919047619,3.7678286031746,5.73334595238095,8.05585977777778,3.2679806031746,524.442856507937,0.00334180131590996,0.00468234093598624,0.00269790318545512,0.00223719866846617,0.0036655018843125,0.00368866464235549,0.000876076987953316,0.00400082076746684,0.00135363708197209,0.883782589482967,0.06,0.0566666666666666,0.0540945148468017,0.0540945148468017,7580.997
"21","Q3","1995",23.4190818730159,0.334245968253968,1.33414393650794,3.83688588888889,4.60976949206349,7.32377061904762,8.26735620634921,3.7755316984127,564.796347047619,0.000989136312275519,-0.00311354086680802,0.00254993218184353,0.00136197650544028,0.00340907029351859,0.00473285545827021,-0.00108273539226099,0.000373643650434259,0.00112627230377756,0.438020148926858,0.058,0.0566666666666666,0.05399091,0.05399091,7683.125
"22","Q4","1995",22.2971848888889,0.283613095238095,1.60846073015873,3.82394188888889,5.28927223809524,8.26422795238095,7.58913315873016,3.64418928571429,597.171428396825,0.000345270364857922,-0.00210758906541727,0.00185060176932911,-0.000553160446310211,0.00290420834626875,0.000112038834184072,-0.00149660722691542,-0.000177527884156858,0.000848534442611671,0.479720889664192,0.056,0.0556666666666666,0.0538905,0.0538905,7772.586
"23","Q1","1996",23.7929951428571,0.22195153968254,1.78952065079365,4.15481404761905,5.4964416031746,9.33140776190476,7.22358133333333,3.80482771428571,636.454764142857,0.00299369309685222,-0.00367745796917374,0.000207194096727023,0.00344154902796632,-0.000537136375346608,0.00347843112067307,0.000917443329318257,0.00284107436125386,0.000779296440004605,0.911458333333337,0.0531,0.0553333333333333,0.05379276,0.05379276,7868.468
"24","Q2","1996",26.2046342063492,0.192268206349206,1.86283315873016,4.96069190476191,6.43623936507937,10.1548653015873,7.93666507936508,4.5808023015873,658.852060507936,-0.00120768810760061,-0.00209924252368975,0.00329166212934174,-0.000243840422429522,0.00289891520851058,0.000535798037474904,0.00173709403332094,0.00250598057424682,0.0006261022390517,0.989247311827955,0.0527,0.055,0.0536970949172973,0.0536970949172973,8032.84
"25","Q3","1996",25.353231359375,0.167833453125,1.935293859375,4.701781546875,6.010226234375,10.98256671875,8.38754878125,4.941987296875,660.097969921875,0.000620437891063718,0.00160058142448386,-0.00141966557502011,9.93232087289246e-05,-0.0011756271991825,0.00244822021079546,0.000816016400967287,0.00161494801869464,0.000416929047224975,0.532367972742765,0.053,0.0526666666666666,0.0536029243469238,0.0536029243469238,8131.408
"26","Q4","1996",25.964323875,0.18747828125,2.1240245,4.791326609375,5.823259078125,13.36585203125,8.430308125,5.91422121875,725.860781671875,0.00134612746283205,-0.000547503151210888,0.00421889206326284,0.00111982788546633,-0.000893233967040631,0.0022485570656028,-0.00209091668305886,0.00369085789907759,0.00119283872340767,0.720186401186187,0.0529,0.0533333333333333,0.0535097360610961,0.0535097360610961,8259.771
"27","Q1","1997",30.0261493442623,0.130602754098361,2.64942155737705,5.06241793442623,6.26820114754098,15.1383366065574,8.39514336065574,7.57197532786885,784.740657639344,0.00132328684320789,-0.00150615309199865,0.000808470098688344,0.000152356677763255,0.00208183927290032,0.00127493761401585,0.00361822361220524,0.00195345978130273,0.000398244993170566,0.672975814931643,0.0539,0.0523333333333333,0.05341696,0.05341696,8362.655
"28","Q2","1997",30.81497890625,0.132064453125,2.79131421875,5.7691385625,5.9141911875,15.153091921875,9.9316226875,9.295267609375,823.489846234375,0.00172708084314531,-0.00365341417892549,0.00295722835487776,0.00363495933635894,-0.000425432907704521,0.00100618072332695,0.00319513464116981,0.00522884896165498,0.00249542365324061,0.396908293294327,0.0556,0.05,0.0533240938186645,0.0533240938186645,8518.825
"29","Q3","1997",35.650064421875,0.155847671875,2.927038703125,6.98432003125,6.370483296875,17.925002109375,12.256529203125,10.889526765625,929.944374109375,0.00151398737624149,0.00818002402440913,-0.000660864426508163,0.00327058418441491,0.00269533835688965,0.00346351828724179,0.00148745248495852,0.000978106027111739,0.00111541013044466,0.395339159384124,0.0554,0.0486666666666666,0.0532308053970336,0.0532308053970336,8662.823
"30","Q4","1997",31.385407359375,0.135601890625,2.879728015625,7.812697453125,6.871026890625,19.0161794375,12.652979578125,10.74709771875,951.37906359375,-0.00215378612416049,-0.00724470626023273,0.00163451410154366,0.00176574213433306,0.000208627344083707,-0.000706516464069504,0.00138633706006095,-0.000189567968682561,0.000489726720928221,0.393782383419677,0.055,0.0466666666666666,0.0531369,0.0531369,8765.907
"31","Q1","1998",31.1352742786885,0.167034081967213,2.95483506557377,9.48739250819672,7.66184136065574,19.8318947377049,15.1130067704918,12.3349619016393,1023.09000486885,-0.000162902097793938,0.013310889458532,-0.000977900222288026,0.00528934699284503,0.0036651465427358,0.00387372635572739,0.00434115945028836,0.00551012434688789,0.00211872015963345,0.268373245251862,0.0549,0.0463333333333333,0.05304222,0.05304222,8866.48
"32","Q2","1998",31.0229154920635,0.215606126984127,2.63547673015873,13.339852031746,8.88325173015873,23.8226816507937,18.311596984127,14.3785606984127,1109.66713939683,-0.000509105696992961,0.000914092633868794,-0.000508480897523397,0.00551144372487723,0.00163507630100155,0.0022296242489067,0.00303142646375005,0.00327168747828751,0.000492793389662051,0.535309862054774,0.0556,0.044,0.05294664,0.05294664,8969.699
"33","Q3","1998",29.431854921875,0.2815640625,2.9759130625,14.004081140625,12.096015078125,21.4980151875,21.31456696875,17.370929703125,1085.080779125,0.00160571889080948,0.00517749068883154,0.00282301016336972,-0.00289893642152206,0.00651646731031697,-0.00793759108094927,-0.00114921093546997,0.000571785672734497,-0.0015294907159584,0.389105058365747,0.0551,0.0453333333333333,0.05285001,0.05285001,9121.097
"34","Q4","1998",32.996035890625,0.275551359375,3.68858184375,14.454715015625,14.707621109375,20.234572234375,23.86973659375,18.621545109375,1121.62702753125,0.00101368662100725,0.00195556172853039,0.00253613825940132,0.00411022458241731,0.00247862526581668,0.00863124073846126,0.00655349989272351,0.00401759710416444,0.0030420408679657,0.34679722562221,0.0468,0.0443333333333333,0.05275233,0.05275233,9293.991
"35","Q1","1999",36.0265227540984,0.29122168852459,3.11153140983607,16.582807,13.0389483606557,27.5188997868852,29.5295677213115,25.5487034754098,1260.49262577049,0.00215639217858442,-0.00151192820103117,-0.0062632095307978,-8.8543424539285e-05,-0.00458737858992176,0.00270632594369767,0.00228601187889601,0.00455750854967819,0.000826888993313915,0.386257369384025,0.0481,0.043,0.05265363,0.05265363,9417.264
"36","Q2","1999",51.4583886666667,0.331610746031746,2.73024744444444,16.7410161428571,12.7225914444444,28.3162816984127,31.3184825238095,26.4940124920635,1329.64333769841,0.00712198932901526,0.00467950924422969,0.00248757691777,0.000366582061511053,0.003941320591512,0.00138675636759616,0.00111869744073029,0.000389309927920862,0.00109629460472039,0.97205346294045,0.0476,0.0426666666666666,0.0525539445877075,0.0525539445877075,9524.152
"37","Q3","1999",56.150287640625,0.469268328125,2.692491125,14.763219859375,12.4351025625,28.63418090625,31.28772434375,28.953862734375,1341.98672485938,0.000340578464444561,0.00560388637904555,-0.00212583036118598,-0.00138743965735874,-0.0015508403191786,-0.00182287029622314,3.58552283948285e-06,0.000319853401898754,-0.00100448032774266,0.621740874448445,0.0522,0.0423333333333333,0.0524533367156982,0.0524533367156982,9681.856
"38","Q4","1999",59.365408578125,0.681784484375,1.957181703125,15.2027508125,9.60224315625,28.12776184375,39.892917625,30.610803734375,1374.09875109375,0.00483098315190691,0.00833108106712426,-0.00510426098750634,0.00133910716780661,-0.00498160926703899,0.000996233680399978,0.00622402533194599,0.00421986124165585,0.00217889589607531,0.617899142914097,0.053,0.0406666666666666,0.0523518466949462,0.0523518466949462,9899.378
"39","Q1","2000",64.3383458571429,0.888573619047619,1.56022903174603,13.8903908730159,11.1979033492063,29.0909025555556,38.342702031746,32.5424761587302,1420.00142607937,-0.00209943821256556,0.00557214883591636,-0.000883392258482881,-0.00172947723401191,0.00643635271564959,0.00246471647249756,-0.00245186781632068,-0.000999505568462869,0.00043172308074425,0.990491283676713,0.0585,0.0403333333333333,0.05224948,0.05224948,10002.857
"40","Q2","2000",56.6634851111111,0.822670111111111,1.89148268253968,15.2337626507937,12.4351943492064,27.5675781269841,38.6318670793651,23.2199767142857,1446.59364928571,-0.00258881333076716,-0.00316219243965986,0.00489996995912882,0.000165715240485018,-0.0011911134571823,-0.0031834952617897,0.000882662598485973,-0.00368804461397557,-0.000349375538650686,1.05923891722244,0.0653,0.0393333333333333,0.05214622,0.05214622,10247.679
"41","Q3","2000",55.3577548730159,0.825553873015873,2.1987536984127,14.9801636984127,11.6457885238095,28.1257448571429,36.6570630952381,22.5791641269841,1475.97888768254,-0.00166046556781096,-0.0070819380218063,0.00229430498726349,0.00117500086895656,0.000230259847761741,0.000493367683439027,-0.00251622345566191,-0.00429139869773055,-0.00016128297805709,0.79580745341615,0.0652,0.04,0.05204211,0.05204211,10319.825
"42","Q4","2000",51.4773431904762,0.284732126984127,2.90819785714286,13.9829365714286,12.8836987301587,23.2449333174603,33.1804064603175,18.9584434285714,1366.31031238095,0.00525498263854807,-0.00769180586389524,0.00690883753144328,-0.000572072800466838,0.0031414015513677,0.000329513224206676,0.0020919256563917,-0.00418349476946733,-0.0012272548202242,0.539187367610242,0.064,0.039,0.05193731,0.05193731,10439.025
"43","Q1","2001",64.0438978709677,0.302814629032258,3.69297896774194,16.0045258064516,15.7402589032258,27.4249701935484,35.3909520322581,18.1397539032258,1273.32903856452,0.00165072034919353,0.00733785041858983,0.00173008517581266,0.00339437662779124,0.00293525245622701,0.00060459634976622,-0.000427206087534878,0.00435848688107057,-0.00196479423200344,0.95767094426356,0.0531,0.0423333333333333,0.0518319654464721,0.0518319654464721,10472.879
"44","Q2","2001",74.2491220793651,0.348839904761905,3.98036317460317,15.6089097142857,19.0781361269841,26.2219385714286,35.0762589206349,21.6065568888889,1234.25031392063,0.00202399288375738,0.00163579026963061,0.00104972126234172,-0.00175992407983338,0.00236228695454237,0.000310143511387717,-0.000354511938448076,0.00485902638623292,0.000943216666311149,1.04344526655283,0.0397,0.044,0.0517261362075805,0.0517261362075805,10597.822
"45","Q3","2001",67.6218004915254,0.295180525423729,3.79532189830508,12.9524950677966,18.2605644915254,22.9914993559322,34.9358944237288,19.9388456440678,1153.70661332203,-0.00381143616764162,-0.00607091928727267,0.000132078185230804,-0.00515930359483795,0.000699011542353697,-0.00411018640681243,0.000481718441325729,-0.00562964777909825,-0.00264611245757575,0.131430717236203,0.0307,0.0483333333333333,0.05161983,0.05161983,10596.294
"46","Q4","2001",64.636090265625,0.300167765625,4.018118421875,9.95041909375,19.0452870625,21.0638106875,37.36718428125,20.12093565625,1115.36766051562,0.00248003003922301,0.00590293684758017,-0.000527993138614031,-0.00109670122192672,-0.000621892649694032,0.00135395587180265,0.00249848725201363,0.00429005156407545,0.00158711316687322,-0.281267579223725,0.0182,0.055,0.05151313,0.05151313,10660.294
"47","Q1","2002",67.5283939166667,0.363177616666667,4.31994098333333,9.28152923333333,16.9759522166667,19.5696795833333,41.3291434833333,20.0842848,1132.21483363333,0.00126612661581488,0.00179789751382308,0.00256705229613389,0.00118768593430001,0.00072535825512294,0.000218879722701072,0.0011628570798344,-0.0013847818322349,4.64813857350701e-05,0.357277171869143,0.0173,0.057,0.0514061546325683,0.0514061546325683,10788.952
"48","Q2","2002",64.39036753125,0.3525031875,4.647165953125,9.77658428125,17.73290740625,20.601866859375,39.255921390625,17.197612515625,1070.1500025,-0.0018339060162279,-0.00395184804710035,-0.00258636737524212,-0.000133084656857789,0.000673900172610447,-0.000328569368730857,-0.00149464357728361,-0.00110375180220408,-0.00222913386016667,1.08675285741053,0.0175,0.0583333333333333,0.05129905,0.05129905,10893.207
"49","Q3","2002",47.523886015625,0.23721628125,4.044687984375,7.23818871875,14.490332109375,14.75386915625,35.669870890625,15.56680665625,895.48859690625,-0.0077814696298744,-0.00262553834174107,-0.00125276767339268,-0.00704026107983305,-0.00595580752455549,-0.00768093050209783,-0.00137296469115752,-0.00294842531869004,-0.00278046647800412,0.426320667284522,0.0175,0.0573333333333333,0.05119209,0.05119209,10992.051
"50","Q4","2002",42.62928346875,0.232709953125,3.534339859375,5.647529171875,12.183317265625,13.049197109375,36.86794296875,16.953670203125,886.528284984375,0.00316496499016164,0.000118160240089537,0.001366055957187,0.000539015639044214,-0.000378364845662057,0.00458708997062926,0.000622588055698743,0.00290004108035282,0.00133509635040839,0.313768918420095,0.0124,0.0586666666666666,0.051085615158081,0.051085615158081,11071.463
"51","Q1","2003",39.2423703442623,0.224946868852459,3.38105990163934,5.3651773442623,11.8152530819672,14.4326892131148,34.2177294590164,15.9755253442623,860.760163819672,-0.00212752566099496,-5.1777378550976e-05,-0.00443520678693411,-0.00285210665184753,0.00077082105813354,0.000387273856407451,0.000670159273695616,-0.000763593312697442,-0.000486922419441051,1.01195952161911,0.0125,0.0586666666666666,0.0509799,0.0509799,11183.507
"52","Q2","2003",44.883602984127,0.256126174603175,3.34816998412698,6.25831322222222,13.4657769206349,19.0233212857143,37.7347534285714,16.1535574126984,937.994601809524,0.00466350104899276,0.00511968948595041,0.00718863698708075,0.00656374705880336,0.00341333123000528,0.00622951042788607,0.000621604643801662,0.00106014466387405,0.00226127140566103,0.364298724954469,0.0122,0.0613333333333333,0.05087525,0.05087525,11312.875
"53","Q3","2003",51.751970359375,0.324028171875,3.867499921875,7.028845328125,14.6893429375,21.550363109375,39.82482296875,17.36021665625,1000.380469375,0.000619976076571995,0.00157880699817556,-0.000147314952609885,1.18497482387072e-05,-4.42506423167911e-05,0.000356484871368388,0.000701707966991426,0.00142105668959731,0.000378649326529521,0.490018148820322,0.0101,0.0613333333333333,0.05077202,0.05077202,11567.326
"54","Q4","2003",62.76339646875,0.336221046875,4.645941609375,8.267973734375,16.69827253125,22.522395015625,38.97079996875,17.376416875,1056.45250128125,0.00608137893833731,0.000742348260836621,0.00364995664629116,0.00655570234458885,0.0038079976551172,0.00126813770284418,-0.000684492828862781,-4.8166130471786e-05,0.00174577071325754,0.0180603214737247,0.0098,0.0583333333333333,0.0506705856323242,0.0506705856323242,11769.275
"55","Q1","2004",69.3369905645161,0.371311016129032,5.26038972580645,9.28385301612903,18.015017483871,25.6454027096774,39.6758105645161,17.1653762419355,1132.67128627419,-0.00120244569960936,0.0040824316627834,0.000252270917628271,-0.00240068269828286,0.000377965843243879,0.00235433927798449,0.00200830769391422,-0.00145011599188938,0.000234754890314226,0.90285301552908,0.01,0.057,0.05057126,0.05057126,11920.169
"56","Q2","2004",61.7812048064516,0.442418322580645,4.9979975483871,9.5475675483871,15.6067021774194,24.3007080645161,39.3092745645161,17.0240252258065,1123.19645640323,-0.000500174227609446,0.00325391333420829,-0.000957537018215347,0.00263282292800064,-0.00404042527080648,-0.00106873052205028,-0.00197582291397717,0.00226913701869875,0.000232213884487705,1.43163922691483,0.0103,0.056,0.0504743242263793,0.0504743242263793,12108.987
"57","Q3","2004",61.828067703125,0.512585953125,4.7151565,9.3201500625,16.36147478125,24.65655896875,37.1380503125,17.830877515625,1103.90827945313,0.000485568006144758,0.00302388602578678,-0.000701137570443646,-0.00147053255661886,0.00451242487374687,0.000575851259079168,0.0002861439034306,-0.000400305618285848,-0.000340962998058148,0.352858151023281,0.0161,0.0543333333333333,0.05038008,0.05038008,12303.34
"58","Q4","2004",64.179520734375,0.857723203125,5.383323046875,9.12893984375,20.206064796875,25.173377046875,37.77518303125,18.927113515625,1162.6520328125,-0.000876019320109835,0.00838416684400785,0.00440143270377145,0.000842371990906558,0.00189528364595609,-0.000110453504443969,-2.47991312096881e-05,0.00119922348165474,0.00133017968649499,0.597749648382558,0.0216,0.0543333333333333,0.0502887868881225,0.0502887868881225,12522.425
"59","Q1","2005",59.7519208852459,1.22016149180328,6.46148819672131,8.50381673770492,20.3953641803279,24.3308499180328,36.9665115737705,18.4556763934426,1191.94786795082,-0.00038036399956313,0.00454181575619003,0.00136145430635133,-0.00398668807584036,6.61853394630364e-05,-0.00178902622073016,-0.000785637364491028,-0.00157191303280213,-0.000408728615856578,0.629150646627056,0.0263,0.053,0.05020076,0.05020076,12761.337
"60","Q2","2005",56.176958328125,1.16895565625,6.733297078125,6.71861315625,19.5776836875,23.519410609375,33.996749953125,18.20865359375,1181.97405623437,-0.00217347542894175,-0.00154859255823874,3.96790856143414e-05,-0.00112484596569523,0.00133275184048648,0.000520682498175382,-0.000509857490880696,0.000527214537371097,0.000166696657452119,1.33726988537686,0.0304,0.051,0.05011637,0.05011637,12910.022
"61","Q3","2005",54.333565546875,1.410991796875,7.077906859375,6.861067484375,26.892217359375,23.3100995,33.468851953125,19.05620028125,1224.17437745313,-0.000866583714802836,0.00608974105489236,0.0022641684946444,-0.00037105674258542,0.00511679491327956,-0.000444131207536869,-0.00139188248219212,0.000651540534532881,0.000499660752182195,1.21679520137104,0.0362,0.0496666666666666,0.0500365448000043,0.0500365448000043,13142.873
"62","Q4","2005",52.3645835555556,1.95975895238095,7.65806371428571,5.6555866984127,28.9158542698413,25.3084741111111,33.6903595238095,19.2334182063492,1230.46825398413,0.00320989089266791,0.00494905699764307,0.00048009238428333,-0.00347633114118319,-0.000666634761972477,0.00268312677776666,0.00114808685592077,0.00033773898231206,0.00027177789982764,0.507958008804608,0.0416,0.0496666666666666,0.049967167758934,0.049967167758934,13332.316
"63","Q1","2006",60.5193109032258,2.1652609516129,7.71467062903226,5.62486127419355,34.779830983871,27.7329092741935,32.8595494677419,19.733931016129,1283.65500166129,0.000743548843779469,-0.00182917984468238,-0.00063886455347574,0.000849362694367409,0.00511128131318417,0.00095097575623921,0.000254364991875348,0.000749654083815811,0.000608370842870923,0.539083557951489,0.0459,0.0473333333333333,0.0498522830573274,0.0498522830573274,13603.933
"64","Q2","2006",65.664982047619,1.97610115873016,7.5953973968254,4.88224166666667,36.1197942539683,29.4808713650794,33.822369,17.6973255396825,1280.81174430159,0.00118587507594852,-0.00111254971654466,0.000785201668272866,-0.00167479235962258,-0.000787650490200806,0.000356995714365169,0.000422131552509158,-0.00221879898223903,-0.000273280512403099,1.69235924932974,0.0499,0.0463333333333333,0.0497311195918673,0.0497311195918673,13749.806
"65","Q3","2006",59.5905076349206,2.04340017460317,8.64500436507936,5.28784488888889,38.3626653650794,31.2260532063492,32.8294099047619,18.3597022698413,1288.3173072381,-0.00207448473212943,0.00499539276257197,0.00092692349619871,0.0030079470512675,0.00295468192345623,0.00196737720512938,0.000495449046736879,0.00268518602339701,0.000819134728153415,0.560224089635865,0.0525,0.0463333333333333,0.0496048444920846,0.0496048444920846,13867.469
"66","Q4","2006",59.3395435714286,2.55638246031746,8.91591231746032,5.67867388888889,43.2114956031746,33.252584,34.3408880634921,21.4063150634921,1388.63539344444,0.0013401354332536,0.00170022758161747,0.00200999579153001,-0.00100661234726521,-0.000658840962254911,0.00059463165764064,-0.000921013325836039,0.00147585495235377,0.000961736151386536,-0.852039980337538,0.0524,0.0443333333333333,0.0494750779749079,0.0494750779749079,14037.228
"67","Q1","2007",67.3738099508197,2.73191939344262,9.46494216393443,5.67370850819672,44.3483826393443,34.7579339672131,34.6488465081967,21.540540704918,1424.38131160656,0.00223905707906466,0.00171860720626703,0.000584981826828158,0.000949509542036748,0.00180530537348368,0.000208357491216682,0.000405858551338046,-0.000991133993923851,5.86099151126945e-05,1.01917038506035,0.0526,0.045,0.0493438323538196,0.0493438323538196,14208.569
"68","Q2","2007",78.8166156666667,3.34262161904762,10.309795984127,5.91259817460317,51.3649836190476,36.2040485873016,35.162404,22.2070663492064,1497.1761881746,0.00308822645094958,0.00446355088191923,0.00119164051637193,0.00294702309638895,0.00260229158059806,0.000191351202370023,0.000518229468829577,0.000990095229494249,0.000917611160660451,1.91732908859793,0.0525,0.045,0.0492134280271067,0.0492134280271067,14382.363
"69","Q3","2007",79.4047130952381,4.18551012698413,10.2369115079365,5.84084485714286,48.8909487936508,32.9330887301587,33.2281848412698,21.802333984127,1489.46349515873,-0.000128965540579098,0.00404500789720834,9.91623556174832e-05,-0.00131948427316115,-0.00253140191914061,-0.000578341203995514,-0.00135788166416698,0.000125814226235938,0.000320109430851092,0.275928711193016,0.0494,0.0466666666666666,0.0490862953351144,0.0490862953351144,14535.003
"70","Q4","2007",77.66567728125,5.51156834375,11.077503640625,5.497088453125,34.88870284375,32.362193140625,33.950676796875,25.034500578125,1495.74546621875,-0.000786915961258201,0.00435599125640794,0.00149839776318971,-0.00330448696096566,-0.00534207142490786,-0.000376878820946532,0.00149908205658909,0.00320754575299284,-0.000533570211212388,0.711214555326801,0.0424,0.048,0.0489647138757767,0.0489647138757767,14681.501
"71","Q1","2008",73.0978106065574,4.29411401639344,11.3022971639344,4.32583768852459,27.2977863606557,30.8738413770492,36.6184224754098,22.6392026229508,1350.661475,0.000331721014015505,-0.00473652190996869,-0.000543762844199017,-0.0022660104689024,-0.00100429006363634,0.000495096937642864,0.00188908082198247,-0.00345021792097398,-0.00159463887347766,1.13677364185591,0.0261,0.05,0.0489294315206074,0.0488505149181012,14651.039
"72","Q2","2008",81.08242228125,5.356636,10.741991359375,4.909368265625,27.951745734375,31.701877015625,42.254537671875,21.732456875,1371.62750435938,0.000280084165649978,0.00268355294605146,-0.000865602449185574,-0.00194929594372512,-0.000111092615478655,-0.00303291948039462,0.00115709557080117,-0.00024495189147693,-0.000450413193136757,2.19534465606688,0.02,0.0533333333333333,0.0493863330868928,0.048744797694774,14805.611
"73","Q3","2008",65.070566734375,4.9422974375,10.533273546875,3.412562671875,29.020586671875,28.825150328125,43.863762953125,20.033446953125,1252.02468301562,-0.00649116053797234,-0.00531462490942205,-0.000118549345118938,0.00294708222097712,0.00273733844611717,0.00705471717869154,0.00122946111879463,-7.36737296901293e-05,-0.00120103758854667,1.16305534624079,0.0181,0.06,0.0496678201896521,0.0486477344230828,14835.187
"74","Q4","2008",23.8970550625,2.929933390625,8.756691734375,1.70793165625,28.575739765625,26.161417609375,40.763801109375,16.156610953125,911.977345484375,-0.00678587239737506,-0.00331375588503541,-0.00323690364434284,-0.00808465288649761,0.00558628957959045,-0.00350424240897038,-0.000464652316627198,-0.00373962253058878,-0.00310145455625571,-2.82852942920165,0.0016,0.0686666666666666,0.0507882642485879,0.0485584817817143,14559.543
"75","Q1","2009",16.7468628032787,2.88789445901639,8.53043204918033,1.51351214754098,30.7582580655738,18.2488918032787,37.4756806885246,13.7512799344262,807.66590052459,-0.00436070921742386,0.00388163291389443,0.00151122605072347,0.00349944804427156,-0.00174314087460768,0.000889955762616196,-0.000874176322372006,-0.00019900434277896,-0.00168763942248117,-0.497633075000065,0.0018,0.0826666666666666,0.051845590499236,0.0484752853305975,14394.547
"76","Q2","2009",21.2880038571429,3.99396906349206,8.96350487301587,3.69618436507937,30.9222144603175,25.6034149047619,37.7966855714286,16.0559333968254,892.601427873016,0.00639381215798159,0.00503682682950538,0.000724889384757636,0.0148814326172037,-0.00130864149510757,0.00520078375754028,-0.000972498133797432,0.00444463665417157,0.00238686728714017,1.06030233709879,0.0021,0.093,0.052535003883334,0.0483957771611026,14352.85
"77","Q3","2009",26.666703828125,5.068335328125,9.623701453125,5.00684490625,27.255919640625,30.730959171875,37.98264590625,18.780917515625,995.7482805,0.00426974288779087,0.00422938833714242,0.00162853707280318,0.00316871652754368,-0.000824472033275202,0.00421030154365608,0.000325898780679283,0.00147304886969461,0.00224302950266861,0.679071981630037,0.0015,0.0963333333333333,0.0536377905487014,0.0483173791234839,14420.312
"78","Q4","2009",30.65561746875,6.0883668125,10.469444890625,5.8998675625,25.483246671875,32.7606854375,39.963162609375,22.298596046875,1088.72327992188,0.0036611377781173,0.00214927384338056,0.00182061316108435,0.00541243226371907,0.00156118174314275,-0.000567780224423125,0.00144226098434042,0.00281551063053422,0.00088834827480946,0.20118858880576,0.0012,0.0993333333333333,0.0547056535153555,0.0482377309410316,14628.021
"79","Q1","2010",31.4756148852459,6.50743352459016,11.4040828852459,8.49295973770492,25.9255846393443,31.8975113442623,41.5165198032787,22.899998442623,1123.59360188525,-0.00162302148898458,0.00193543006228924,0.00103327161162312,0.00411846826697402,-0.00153018082192412,0.00134677859522791,0.000778193758807358,-0.000506787831962309,0.000821012311996452,0.40141505360425,0.0016,0.0983333333333333,0.0561281939727815,0.0481549662133338,14721.35
"80","Q2","2010",27.6782504603175,7.86178055555556,11.9130110952381,8.53941384126984,25.2390855396825,31.4311917142857,40.5522282222222,21.9941983174603,1134.58443965079,-0.00510693081488671,0.00132814966272559,-1.44891701432366e-05,-0.00312300204209939,-0.00352528651371656,-0.00289968543952383,-0.00216168925927004,-0.00360266113199066,-0.00188102273154562,0.475072151679043,0.0018,0.0963333333333333,0.0565313070024774,0.0480677847525185,14926.098
"81","Q3","2010",24.61797684375,8.021222546875,13.190623453125,8.447682390625,19.56380859375,29.707086109375,39.90696709375,19.58834440625,1096.2468748125,0.00314910057926393,0.00198091808961366,0.00311520536890646,0.00327308116833218,-0.000189936754657192,0.000803539927461637,0.00180768738127133,0.00114600164739569,0.00165644772923846,0.0932504983551205,0.0019,0.0946666666666666,0.056878773809914,0.0479754093627923,15079.917
"82","Q4","2010",30.490584796875,9.61338440625,14.712125359375,10.90583209375,22.170632125,30.152950828125,42.28359309375,20.925817796875,1204.585620875,0.00394376016475647,0.00207972502373999,0.000652046221756579,0.00511304572334434,0.00319632919053857,0.0018589346999691,0.000224911047016925,0.00220494620710821,0.00154646593658538,0.294916320739454,0.0018,0.095,0.057299487842521,0.0478774976575353,15240.843
"83","Q1","2011",37.3768385322581,10.6685152419355,14.9156114193548,11.2653559193548,23.3043377741935,34.7554496451613,42.3943377580645,21.5781363387097,1302.52902716129,0.00241595013759273,0.00135546416676046,0.00117011423161722,-0.0015831140900399,0.000671021368333202,0.00146497729539835,-0.000417325569681685,-0.00136840690568001,0.000886194215386709,1.26482237514333,0.0014,0.0903333333333333,0.057615085644991,0.0477740853344462,15285.828
"84","Q2","2011",37.0041240793651,10.4194321587302,16.5346147777778,10.249307984127,22.5955910952381,33.3726466031746,42.7149141587302,20.173782015873,1318.33285861905,-0.00152348944588814,-0.000517931296702171,0.000492110002465232,-0.00112815406679822,-0.00188981320980507,-0.00171948796532548,0.000456618143341335,0.000554055826627568,-3.1496643231408e-05,1.74331089219681,9e-04,0.0906666666666666,0.0577798822476666,0.0476655742541993,15496.189
"85","Q3","2011",29.357440109375,11.7433528125,16.36431025,8.0133285625,18.183410015625,28.223372140625,41.755131734375,21.113152640625,1225.26844221875,-0.00726971296423186,0.00219064554897969,0.000582253735954122,-0.00509204753780164,-0.00345157031671222,-0.00420133520485475,-0.000158321668481686,-0.000390967005968062,-0.00219550944084657,0.408517984250489,8e-04,0.09,0.0578430662166711,0.0475527117340403,15591.85
"86","Q4","2011",22.0830186666667,12.0874113174603,17.6573816507936,7.686087,20.144129015873,25.214557984127,45.8600746031746,21.2631714920635,1225.65126836508,-0.000991929154401842,0.00111775014327374,0.00185904989932455,0.00205794162947711,0.00471213197132732,0.00231674005504273,0.00239173525614413,0.000891541652959192,0.00181933917884299,-0.152055770464975,7e-04,0.0863333333333333,0.0579923379898161,0.0474365256903601,15796.46
"87","Q1","2012",22.9658705645161,15.5446237419355,18.8451667580645,8.75638859677419,24.1809484677419,31.0435985483871,48.8253754032258,25.1048026129032,1348.78371506452,0.00260566608588927,0.006449809161325,0.000902433372254199,0.0025868032428679,0.00338156241186567,0.00550118128214507,0.000525012952814896,0.00369174692163954,0.00184688323530394,0.795638655920569,0.0013,0.0826666666666666,0.0576533107852492,0.0473182138211325,16019.758
"88","Q2","2012",20.6731286031746,17.9336707301587,20.9443212380952,7.7167806984127,22.0346292063492,30.3218850634921,51.3292752380952,25.1664022698413,1349.67856560317,-0.00191389559865314,-0.000193929953420893,0.00200873223940463,-0.00396376453259066,-0.00116154313300856,-0.00362707008209329,0.00225904228580644,-0.000631087483840875,-0.000478560738998723,0.827531738138412,0.0016,0.082,0.0572976311795808,0.0471990019475287,16152.257
"89","Q3","2012",19.8991873492064,19.8190842698413,22.8335820793651,6.81953388888889,23.9923337936508,29.7504620952381,59.9130954920635,25.1985838730159,1400.94571553968,0.000398312044715051,0.00227271078273927,-0.000288843433524476,0.000596242319897472,0.00176643360579864,0.00224711453243269,0.00102706715103422,-0.000263804073452479,0.000915702112857268,0.219328147982669,0.0014,0.0803333333333333,0.0565891024692445,0.0470800155576958,16257.151
"90","Q4","2012",19.7846730806452,17.9535799354839,21.663927,7.87491556451613,26.8695385967742,33.644836983871,59.2385701774194,23.4374846129032,1418.13903016129,-0.000162410392822039,-0.00332545356011195,-0.000695888971696107,0.00463693686765413,0.00272571768052435,0.00154255661817434,-0.00111999082072016,-0.00153063452842556,-0.000131727181797177,0.0360404695392824,0.0016,0.078,0.0560032584153774,0.0469621974662005,16358.863
"91","Q1","2013",20.2081869666667,14.5623823,22.7717473666667,9.55155518333333,30.3096253666667,38.86166435,58.7029715333333,23.3882187,1513.9799968,-0.000174628851147952,-0.00267302676930354,0.00175502632930811,0.000478371030534318,-0.000619415155924517,0.0014522025078443,0.00167822259982505,0.00132662328135768,0.00161442039645468,0.590329875755822,0.0014,0.0773333333333333,0.0545869951206814,0.0468462770803397,16569.591
"92","Q2","2013",19.20921346875,13.540426078125,24.52277515625,10.411410953125,26.430882984375,41.408517796875,64.068729796875,27.90220290625,1609.49125095313,-0.00120761601131044,-0.00148934708701035,0.000518293077189738,0.00280787846640282,-0.000815419325244085,0.00185179613133626,5.98412538128486e-05,0.00317408922303386,0.000403796441504733,0.540980611864743,9e-04,0.0753333333333333,0.053096997973523,0.0467328007174078,16637.926
"93","Q3","2013",18.634312140625,14.693690390625,24.362610046875,12.343195109375,27.17472265625,44.009824734375,63.406804953125,28.21159484375,1674.94359209375,0.000724980949858586,0.00314473012285649,-3.78746448410465e-05,0.00155052504564276,0.000637854186264465,-0.000155298725370554,7.38217230379054e-06,-0.000234218805126242,0.000731743996230983,0.377979341325954,8e-04,0.0723333333333333,0.052022331484152,0.0466221939850447,16848.748
"94","Q4","2013",21.428290828125,16.845788078125,25.833465640625,12.323282359375,28.36060103125,45.280911453125,65.229869140625,31.362546359375,1768.66734690625,0.00448456913646862,0.00270801147800519,0.00196518528312537,-0.00121236681865023,0.00232841990701512,0.00211805123328239,0.00108520057942762,0.00203963754730772,0.00149985928088084,-0.27906764611145,9e-04,0.0693333333333333,0.0508425111533001,0.0465146905482759,17083.137
"95","Q1","2014",26.9390593114754,17.0615012295082,25.7961456393443,11.458017,32.4911692295082,48.0842642459016,63.8041069508197,32.6638920327869,1834.87114780328,0.00343503478847138,-0.000517452567499547,-0.000153217133458364,0.000376911763878845,0.00234903810765782,0.000791483025821709,-0.000341173965421971,0.00172039079809844,0.000239472758563076,0.761222529671388,8e-04,0.0666666666666666,0.0497531235043695,0.046410372595443,17104.555
"96","Q2","2014",31.8569198412698,19.1975690793651,28.9192430634921,12.1375958888889,33.2034927777778,47.0662566825397,65.8146671111111,35.485701047619,1900.37269609524,0.00246711874533384,0.00324145744852434,0.00201948316773355,0.00178050654577334,-0.00146594871617107,-0.000677298869482422,-0.00016591136776955,0.000438188220438842,0.000745649009334768,1.18086781372786,0.001,0.062,0.0488375679635406,0.0463091794059296,17432.909
"97","Q3","2014",38.161193359375,22.253725453125,31.150995875,12.8441643125,31.46448471875,49.284454375,65.109433234375,39.354600921875,1975.90812104688,0.0013542040638351,0.00141944369344927,0.00165011771733282,-0.00219453927986483,-0.00177511476794246,0.000847839091846961,0.000413298911208272,0.00179535661313954,0.000113204552016585,0.114675844472626,9e-04,0.0606666666666666,0.0481186597483772,0.0462108842993503,17721.657
"98","Q4","2014",37.806550125,24.784416171875,35.79607340625,11.17110096875,32.33380765625,51.07285496875,69.981492765625,41.669443671875,2009.34437560937,-3.22397704108577e-05,0.00157855983458029,0.00129608431845109,0.000992159295276115,0.00308704737033849,0.000785451144649354,0.00196560679841014,0.000220326046157039,0.000711186116729508,-0.803351756605549,0.0012,0.057,0.047600383517294,0.0461150739881705,17849.912
"99","Q1","2015",35.0957658360656,27.6237396229508,39.4556294426229,12.0855020163934,31.921139704918,50.5898989344262,73.8564059508197,38.9132995081967,2063.68983532787,-0.002993436209498,0.00217988066452455,0.00047028288595421,0.000926360979109343,-0.00105291690994637,-0.00031402309400972,-0.000536209151201183,-0.00190040794132861,0.000110429981671022,-0.543199001688326,0.0011,0.0553333333333333,0.0472867968175263,0.0460211680164166,18003.399
"100","Q2","2015",30.3395477936508,29.3758500793651,38.0530804761905,11.9819054444444,33.6572620634921,56.1447018571429,66.9384486507936,41.0580688730159,2101.82905501587,-0.00221737119208187,0.000256681827937127,-0.000123607705330962,-0.000961578713809006,0.000345974437794131,0.00192515885089587,-0.00220870420880234,0.00155848994682277,-1.67485101381192e-05,1.2055956442996,0.0013,0.0543333333333333,0.0469820498993172,0.0459284670297629,18223.577
"101","Q3","2015",22.979617078125,27.04992090625,40.68918509375,11.154380640625,31.117461453125,56.692621296875,60.62766096875,40.66760228125,2027.20000267187,-0.00183169779443685,-0.0017082482032702,0.00191688697049188,-0.00127221945214113,-0.00264057855433345,-0.00141049890774024,-0.00120753515961973,0.000303859102190004,-0.00103630029477067,0.262677373843337,0.0014,0.051,0.0466904067741113,0.0458362021041333,18347.425
"102","Q4","2015",21.976610859375,26.475262171875,44.39299903125,11.4186528125,34.872435265625,56.761819328125,53.312349828125,47.9860388125,2052.31187814063,0.000831481109851167,-0.000543699337818487,0.00128052220231096,0.000849506273322762,0.0060439716065812,0.00145662062184943,-0.000605424513027341,0.00378387664793212,0.00102062771110189,-0.449843687711113,0.0024,0.0503333333333333,0.04641627,0.0457436186390218,18378.803
"103","Q1","2016",20.1255342786885,23.2026557540984,46.826189295082,10.0425675409836,37.9374619016393,51.2548151803279,58.7020046885246,48.1439510163934,1951.2249135082,0.000445501057476555,0.000838913259929502,0.00141301979637761,-0.000304305113137326,0.00214678138628237,-0.00144815898071753,0.00202396491274678,0.000210796227607695,0.000193285331156154,0.064634065805905,0.0036,0.0493333333333333,0.04616418,0.0456500748739574,18470.156
"104","Q2","2016",23.213152703125,23.27312365625,50.033285890625,10.640012078125,41.304471390625,55.217975734375,62.563163953125,48.04943565625,2075.13140675,-0.000152268186131375,-0.00184371757860476,0.00166737764717736,-0.000813304813711059,-0.000512461458305232,0.00100609552493735,0.00123458249676085,-0.000956785989362243,0.000330712960567511,1.17235055654708,0.0038,0.049,0.04593884,0.0455551311122821,18656.207
"105","Q3","2016",24.264648875,24.935583109375,52.3667331875,10.30061525,45.57458934375,58.097597734375,66.04147490625,52.5507085,2162.05686951562,0.00162963017676034,0.00280172160808116,-0.00117059139024672,-0.000334061177791354,0.00155241301604537,0.00124071889521341,-4.90671596847135e-05,0.00199633887359619,0.000527393668940193,0.332681941074896,0.004,0.049,0.0457412,0.0454586303704369,18821.359
"106","Q4","2016",27.1187057142857,26.8449287777778,51.1906918253968,10.0201536507937,49.9139478253968,68.4330016507937,63.8441134126984,56.3574911428571,2184.87855746032,0.00272461432645463,0.000513161315528684,0.00127347107432354,0.000363989381507611,0.00198781686279563,0.0043101067557326,-0.000513366059070113,0.00137724643481936,0.000522808242242481,0.222574197162863,0.0054,0.0476666666666666,0.04556973,0.0453607235890579,19032.58
"107","Q1","2017",34.9941934677419,31.3223815483871,58.0952027258065,10.3982828387097,50.1511521290323,79.6104310967742,63.4136428387097,60.4391349193548,2325.92789979032,0.00364654628014714,0.00359505891902697,0.00102790202241096,-0.000371527336723235,-0.00122442875750564,0.000438556597377939,0.000835753595668056,0.00105930270646363,0.000877841583030457,0.790736962984811,0.0079,0.0456666666666666,0.0454215,0.0452617991885452,19237.435
"108","Q2","2017",32.4428571904762,35.309441015873,59.1962801111111,9.47051858730159,47.0199861587302,78.7466894285714,70.5974228412698,65.1211105238095,2397.97093561905,-0.000516476655215633,0.000171937427026291,0.000819527109223692,-0.000354399152289379,-0.000369031867508298,0.000872099465409775,0.000928941495864553,0.000859381521350688,0.000413233153529337,0.543517705750018,0.0104,0.0436666666666666,0.04529291,0.0451623512037257,19379.232
"109","Q3","2017",39.9880951746032,37.200209968254,54.3764536507936,9.68571982539683,49.9501389206349,84.6490842063492,73.4239481746032,69.6733226349206,2467.17462642857,0.00585577691475296,0.0012067623371879,-0.00226363986261547,0.00132485644968201,0.00315183562410419,0.000823367964935852,0.000642800793577155,0.00135018132737926,0.000626432145626216,0.396615691380691,0.0115,0.043,0.04518023,0.0450628107388201,19617.288
"110","Q4","2017",45.7290477301587,40.2175437619048,55.1987869047619,10.7021713968254,59.2905701269841,93.4580641428571,86.1020380634921,78.6376714603175,2603.27731660317,0.00252609258800727,0.00160358198279956,0.00208037777303175,0.000912632479716232,0.00164468085939516,0.00193604422218818,0.00401578615840262,0.00234653949060913,0.000949719027514801,0.370629636262026,0.013,0.0413333333333333,0.04507994,0.0449633685543361,19937.963
"111","Q1","2018",49.5232788196721,41.591851147541,55.0968075081967,9.90657026229508,58.6519132622951,105.066819672131,91.3346392459016,88.0980329016393,2733.47672260656,-0.00270546516278829,6.77274996883567e-05,-0.00194681942565421,-0.00159952803790438,-0.00176920927394646,0.000669272703531699,-0.00142812415015378,0.00134253858422511,-0.000124411377156425,0.8861183797928,0.0151,0.0406666666666666,0.04498894,0.0448638997215458,20242.215
"112","Q2","2018",50.284375015625,43.9897126875,48.5063925625,10.199984734375,53.912442921875,102.302621828125,81.368915796875,93.78794734375,2703.1312446875,0.00105022768305106,0.00168527440935972,-0.00114816870148513,0.000260517511922411,0.00010964183536686,-0.000679042616632974,-0.000424413613302793,0.0013541693955692,0.00048253225986842,1.03307556684511,0.0182,0.0393333333333333,0.0449046,0.0447640064772237,20552.653
"113","Q3","2018",43.4601590793651,50.7018354603175,50.560369047619,9.0276336984127,46.6964838888889,106.445965746032,88.0948082063492,105.334505079365,2849.60143074603,-0.00195954762843461,0.00329526781028309,0.00126128121545362,-0.00252966321901586,-0.00282819580982304,0.00140711020729382,0.00164764175151001,0.00247326010076117,0.00111371189134775,0.327267567757511,0.0195,0.0376666666666666,0.0448248399999999,0.0446631450314474,20742.723
"114","Q4","2018",33.628888968254,47.3504965873016,49.9057067777778,8.1832046984127,43.8021051428571,100.588443333333,92.6881037460317,104.492644920635,2698.9268275873,-0.00606890351033329,-0.00530100839979728,-0.00278144017779626,-0.00247637495455208,-0.00146058536424198,-0.00206674784318585,6.73880862430321e-05,-0.0015206897947363,-0.00227583680260622,-0.0574947362577725,0.0227,0.038,0.04474808,0.0445608274255997,20909.853
"115","Q1","2019",28.5985246065574,41.6093333606557,44.7716412459016,8.01460034426229,42.8535394590164,98.0732547868852,94.2179047868852,106.883349934426,2721.00441847541,0.00124277196723078,0.0033347995489358,0.00285727989479484,0.0027389626900932,0.00138442773712912,0.00078665515367555,0.000881351104834974,0.0026256040408401,0.00205111428958989,0.335116034257493,0.0241,0.0386666666666666,0.04445681,0.044456810441123,21115.309
"116","Q2","2019",24.9153968412698,47.9769389206349,46.5895357777778,9.3620953968254,42.1939935396825,105.74130615873,100.885694365079,124.888114634921,2882.32776461905,-0.00271115153585215,0.000843959742096025,-0.00266557317648339,0.00283859784202152,0.00203598246162098,0.00177645881023481,0.00209929257678237,0.0021679565383928,0.000616117709044743,1.1985132267461,0.0238,0.0363333333333333,0.04435121,0.0443512126337277,21329.877
"117","Q3","2019",20.791718734375,51.682832203125,41.58053234375,9.157501609375,33.555269046875,109.2588383125,111.050008171875,135.746622078125,2957.83640670312,-0.00196897769166775,0.00213146055873565,-0.00188231916986058,-0.00137789945678535,-0.00563531375053216,0.00100079335520473,0.00126066481667943,0.000716892104454494,0.000228119387871248,0.274166007843393,0.0204,0.0363333333333333,0.04424457,0.044244569884155,21540.325
"118","Q4","2019",20.701562578125,63.81663225,43.380796265625,8.808261046875,27.6354541875,124.8804846875,117.229338140625,145.477545296875,3082.7556115,0.00134751247918145,0.00435113155365705,0.00344237030555311,0.000612594884756432,-0.00107814025158208,0.00282435931137777,0.000113822345407338,0.00206235214746298,0.00129773198450932,0.213017997422981,0.0155,0.0353333333333333,0.04413779,0.0441377904869581,21747.394
"119","Q1","2020",13.7227420322581,73.1360277580645,41.5202086290323,7.45108275806452,21.9205173387097,119.069561,113.990409,163.358196145161,3055.86918395161,-0.0176948067436438,-0.00141847829624573,-0.00308848775787691,-0.0091518227544622,-0.00737681964598387,-0.00569566204688872,-0.000185518335480822,0.000996483526821384,-0.00295294018134434,0.419427421947102,0.0065,0.0383333333333333,0.04403199,0.0440319910903335,21561.139
"120","Q2","2020",7.25809523809524,67.7904831904762,37.7078530952381,4.92190476190476,15.6771724761905,91.1136844761905,124.72443752381,168.163540809524,2761.97522557143,0.0145936483730848,0.00733876145744645,0.00106525402921233,0.00345998434128313,0.0053536527364375,0.00437438390133452,0.00347106300083361,0.00649439404413581,0.00602218538692411,-0.540035417236732,8e-04,0.130333333333333,0.04392831,0.0439283069180165,19520.114
